{
  "name": "base",
  "task": {
    "macro_f1": 0.3952429938589108,
    "accuracy": 0.515,
    "valid": 1.0
  },
  "sentinel": {
    "n": 61,
    "score": 0.9016393442622951
  },
  "reasoning": {
    "n": 60,
    "score": 0.85
  },
  "tools": {
    "n": 60,
    "score": 0.7833333333333333
  }
}