{
  "name": "helpdesk-resolution-replay",
  "task": {
    "macro_f1": 0.4540811834111121,
    "accuracy": 0.535,
    "valid": 1.0
  },
  "sentinel": {
    "n": 61,
    "score": 0.9344262295081968
  },
  "reasoning": {
    "n": 60,
    "score": 0.8333333333333334
  },
  "tools": {
    "n": 60,
    "score": 0.8666666666666667
  }
}