{
  "base": {
    "task": {
      "n": 200,
      "accuracy": 0.52,
      "macro_f1": 0.423007573025604,
      "valid_label_rate": 1.0
    },
    "sentinel": {
      "n": 12,
      "score": 0.9166666666666666
    },
    "reasoning": {
      "n": 10,
      "score": 0.8
    },
    "tools": {
      "n": 8,
      "score": 0.75
    }
  },
  "noreplay": {
    "task": {
      "n": 200,
      "accuracy": 0.49,
      "macro_f1": 0.40392706872370265,
      "valid_label_rate": 1.0
    },
    "sentinel": {
      "n": 12,
      "score": 0.9166666666666666
    },
    "reasoning": {
      "n": 10,
      "score": 0.8
    },
    "tools": {
      "n": 8,
      "score": 0.875
    }
  },
  "replay": {
    "task": {
      "n": 200,
      "accuracy": 0.63,
      "macro_f1": 0.6276167471819645,
      "valid_label_rate": 1.0
    },
    "sentinel": {
      "n": 12,
      "score": 0.9166666666666666
    },
    "reasoning": {
      "n": 10,
      "score": 0.8
    },
    "tools": {
      "n": 8,
      "score": 0.875
    }
  }
}